order_id,customer_id,order_date,status,total_amount,shipping_address
1,129,2024-04-23 19:02:00,cancelled,371.85,"988 Main St, Phoenix, AZ"
2,8,2024-02-01 15:54:00,completed,552.02,"503 Main St, San Antonio, TX"
3,183,2024-08-15 02:57:00,completed,490.55,"68 Main St, Philadelphia, PA"
4,33,2024-05-20 19:40:00,returned,572.6,"391 Main St, Dallas, TX"
5,153,2024-09-28 09:29:00,cancelled,349.86,"813 Main St, San Jose, CA"
6,180,2024-02-28 20:41:00,cancelled,349.76,"910 Main St, Houston, TX"
7,59,2024-07-30 10:52:00,pending,338.63,"98 Main St, San Antonio, TX"
8,81,2024-08-06 10:42:00,completed,763.34,"704 Main St, Philadelphia, PA"
9,122,2024-02-04 02:53:00,completed,351.18,"763 Main St, Los Angeles, CA"
10,190,2024-07-09 04:35:00,completed,765.73,"576 Main St, San Jose, CA"
11,85,2024-12-09 03:26:00,completed,695.79,"739 Main St, San Antonio, TX"
12,14,2024-05-27 19:19:00,completed,466.56,"218 Main St, Los Angeles, CA"
13,40,2024-12-02 15:14:00,completed,677.85,"377 Main St, Philadelphia, PA"
14,30,2024-05-22 18:14:00,completed,779.89,"839 Main St, Dallas, TX"
15,160,2024-11-10 21:41:00,cancelled,491.11,"674 Main St, New York, NY"
16,178,2024-05-16 00:11:00,completed,738.01,"360 Main St, Phoenix, AZ"
17,2,2024-04-02 04:36:00,completed,122.08,"649 Main St, Los Angeles, CA"
18,8,2024-02-16 23:33:00,completed,341.67,"350 Main St, San Antonio, TX"
19,41,2024-07-08 09:46:00,completed,481.02,"905 Main St, San Jose, CA"
20,14,2024-03-20 05:48:00,returned,542.44,"279 Main St, New York, NY"
21,114,2024-12-04 13:31:00,returned,337.21,"221 Main St, San Diego, CA"
22,194,2024-09-19 03:22:00,completed,233.76,"695 Main St, Los Angeles, CA"
23,152,2024-09-06 16:42:00,completed,184.21,"614 Main St, New York, NY"
24,15,2024-01-04 06:19:00,completed,613.69,"297 Main St, Chicago, IL"
25,84,2024-03-02 00:31:00,completed,112.06,"546 Main St, Chicago, IL"
26,181,2024-04-27 16:35:00,completed,323.69,"760 Main St, Los Angeles, CA"
27,11,2024-08-11 00:29:00,completed,464.85,"588 Main St, Philadelphia, PA"
28,104,2024-12-29 20:26:00,completed,329.98,"990 Main St, Los Angeles, CA"
29,84,2024-03-28 19:29:00,completed,355.0,"109 Main St, Los Angeles, CA"
30,63,2024-08-11 18:25:00,cancelled,322.66,"318 Main St, Los Angeles, CA"
31,191,2024-06-22 07:21:00,completed,413.28,"117 Main St, Los Angeles, CA"
32,136,2024-09-18 06:57:00,completed,584.63,"839 Main St, Philadelphia, PA"
33,166,2024-03-16 07:06:00,completed,165.84,"617 Main St, Phoenix, AZ"
34,40,2024-12-01 02:11:00,pending,606.01,"779 Main St, San Diego, CA"
35,149,2024-08-17 21:59:00,returned,265.33,"995 Main St, San Jose, CA"
36,161,2024-06-10 04:28:00,completed,359.34,"311 Main St, San Diego, CA"
37,71,2024-10-29 01:22:00,cancelled,255.22,"463 Main St, Los Angeles, CA"
38,10,2024-01-30 11:53:00,completed,519.29,"876 Main St, Los Angeles, CA"
39,24,2024-11-10 19:32:00,completed,468.46,"978 Main St, San Diego, CA"
40,190,2024-01-22 14:58:00,returned,264.01,"488 Main St, Houston, TX"
41,129,2024-03-18 01:28:00,completed,786.08,"87 Main St, Philadelphia, PA"
42,130,2024-11-26 05:02:00,completed,792.88,"537 Main St, San Diego, CA"
43,134,2024-11-08 05:23:00,completed,316.06,"794 Main St, Phoenix, AZ"
44,87,2024-12-13 19:03:00,completed,270.46,"572 Main St, Los Angeles, CA"
45,174,2024-07-16 09:16:00,returned,273.36,"597 Main St, Chicago, IL"
46,170,2024-03-13 11:19:00,completed,480.08,"961 Main St, Chicago, IL"
47,22,2024-06-07 17:24:00,completed,539.39,"849 Main St, Chicago, IL"
48,190,2024-12-16 16:05:00,completed,295.84,"372 Main St, Dallas, TX"
49,80,2024-04-02 06:21:00,pending,188.97,"141 Main St, Houston, TX"
50,40,2024-02-09 09:54:00,completed,618.99,"856 Main St, Dallas, TX"
51,190,2024-09-26 01:42:00,completed,113.53,"386 Main St, San Jose, CA"
52,40,2024-03-24 05:53:00,returned,579.73,"45 Main St, Chicago, IL"
53,106,2024-07-05 21:46:00,completed,492.37,"771 Main St, San Diego, CA"
54,192,2024-08-17 07:34:00,completed,772.82,"804 Main St, Phoenix, AZ"
55,121,2024-04-09 11:43:00,returned,374.73,"289 Main St, San Diego, CA"
56,200,2024-07-14 16:33:00,completed,655.34,"821 Main St, Chicago, IL"
57,155,2024-03-11 08:03:00,pending,448.09,"106 Main St, Philadelphia, PA"
58,183,2024-09-21 03:18:00,completed,225.51,"928 Main St, Chicago, IL"
59,132,2024-03-16 13:05:00,completed,708.86,"953 Main St, San Diego, CA"
60,7,2024-07-31 01:25:00,cancelled,196.26,"84 Main St, Philadelphia, PA"
61,96,2024-04-24 00:20:00,completed,635.19,"141 Main St, Philadelphia, PA"
62,10,2024-05-26 15:44:00,completed,364.4,"6 Main St, San Diego, CA"
63,21,2024-01-10 08:13:00,completed,752.78,"624 Main St, Dallas, TX"
64,136,2024-08-04 03:49:00,completed,247.91,"49 Main St, Houston, TX"
65,62,2024-08-02 20:50:00,returned,59.62,"857 Main St, San Diego, CA"
66,128,2024-11-01 17:01:00,cancelled,201.13,"148 Main St, San Jose, CA"
67,75,2024-08-07 00:39:00,completed,460.82,"192 Main St, Houston, TX"
68,171,2024-12-08 02:33:00,completed,763.19,"558 Main St, Los Angeles, CA"
69,130,2024-09-16 17:01:00,completed,44.39,"397 Main St, San Diego, CA"
70,96,2024-05-09 23:01:00,completed,282.39,"751 Main St, Los Angeles, CA"
71,169,2024-11-17 03:49:00,returned,115.39,"361 Main St, Philadelphia, PA"
72,140,2024-06-22 20:11:00,pending,509.07,"831 Main St, San Diego, CA"
73,35,2024-02-02 22:49:00,pending,241.82,"45 Main St, New York, NY"
74,52,2024-01-22 10:59:00,completed,324.6,"835 Main St, Dallas, TX"
75,140,2024-08-30 08:02:00,completed,292.01,"800 Main St, Phoenix, AZ"
76,13,2024-12-01 10:17:00,completed,355.19,"410 Main St, Philadelphia, PA"
77,191,2024-08-13 12:21:00,completed,556.73,"377 Main St, San Diego, CA"
78,133,2024-05-16 02:46:00,completed,350.18,"843 Main St, Los Angeles, CA"
79,47,2024-10-06 09:20:00,completed,269.06,"303 Main St, Los Angeles, CA"
80,79,2024-08-16 19:45:00,completed,554.91,"360 Main St, Chicago, IL"
81,115,2024-01-22 23:55:00,completed,798.54,"282 Main St, San Jose, CA"
82,164,2024-01-30 02:42:00,completed,415.34,"768 Main St, Philadelphia, PA"
83,174,2024-03-22 00:09:00,returned,37.49,"69 Main St, San Diego, CA"
84,61,2024-11-26 11:23:00,completed,35.58,"158 Main St, San Jose, CA"
85,174,2024-08-18 11:23:00,pending,463.4,"543 Main St, Los Angeles, CA"
86,94,2024-07-22 10:41:00,completed,768.81,"27 Main St, Houston, TX"
87,189,2024-04-05 15:33:00,completed,103.03,"794 Main St, Dallas, TX"
88,67,2024-12-26 14:13:00,returned,558.24,"503 Main St, Phoenix, AZ"
89,52,2024-03-03 04:54:00,completed,146.4,"731 Main St, San Diego, CA"
90,114,2024-02-14 21:54:00,completed,570.54,"564 Main St, Philadelphia, PA"
91,139,2024-05-28 09:54:00,completed,637.02,"521 Main St, Chicago, IL"
92,58,2024-03-03 06:50:00,completed,634.39,"27 Main St, Houston, TX"
93,93,2024-10-10 18:23:00,pending,112.52,"906 Main St, Dallas, TX"
94,23,2024-02-03 09:25:00,pending,334.53,"420 Main St, Dallas, TX"
95,148,2024-02-07 04:20:00,completed,378.01,"530 Main St, San Diego, CA"
96,89,2024-03-06 17:40:00,returned,616.55,"133 Main St, Chicago, IL"
97,111,2024-09-14 01:53:00,completed,130.88,"169 Main St, Dallas, TX"
98,42,2024-06-14 22:14:00,completed,716.99,"867 Main St, Dallas, TX"
99,21,2024-05-08 06:40:00,cancelled,108.88,"311 Main St, Phoenix, AZ"
100,158,2024-09-30 02:32:00,completed,753.87,"158 Main St, San Jose, CA"
101,44,2024-12-03 19:46:00,returned,675.6,"578 Main St, Philadelphia, PA"
102,11,2024-01-15 02:02:00,returned,524.39,"786 Main St, Phoenix, AZ"
103,147,2024-08-01 19:40:00,completed,712.31,"559 Main St, San Diego, CA"
104,75,2024-11-24 09:30:00,completed,244.97,"75 Main St, San Antonio, TX"
105,177,2024-01-31 05:28:00,completed,376.91,"349 Main St, San Diego, CA"
106,156,2024-03-14 10:55:00,completed,780.55,"134 Main St, Philadelphia, PA"
107,195,2024-07-08 16:35:00,completed,200.97,"126 Main St, Philadelphia, PA"
108,69,2024-08-18 07:09:00,completed,239.27,"394 Main St, New York, NY"
109,158,2024-08-02 07:55:00,completed,747.66,"739 Main St, Philadelphia, PA"
110,81,2024-04-07 05:31:00,cancelled,404.02,"316 Main St, San Diego, CA"
111,128,2024-01-12 02:25:00,cancelled,773.68,"221 Main St, San Diego, CA"
112,150,2024-06-29 01:03:00,completed,482.04,"864 Main St, San Diego, CA"
113,168,2024-12-10 15:18:00,cancelled,679.27,"442 Main St, New York, NY"
114,35,2024-05-15 23:23:00,completed,45.74,"53 Main St, Philadelphia, PA"
115,146,2024-10-14 06:23:00,cancelled,68.09,"517 Main St, Phoenix, AZ"
116,116,2024-10-08 08:52:00,returned,103.86,"999 Main St, San Jose, CA"
117,25,2024-07-20 11:50:00,completed,751.77,"774 Main St, Dallas, TX"
118,37,2024-04-11 19:32:00,completed,41.8,"40 Main St, Dallas, TX"
119,36,2024-06-19 15:33:00,pending,488.95,"528 Main St, Chicago, IL"
120,36,2024-06-16 19:20:00,completed,792.59,"758 Main St, San Antonio, TX"
121,77,2024-10-30 10:32:00,cancelled,396.98,"577 Main St, Dallas, TX"
122,77,2024-08-31 00:23:00,completed,784.12,"598 Main St, Los Angeles, CA"
123,79,2024-12-18 20:01:00,returned,219.77,"672 Main St, San Diego, CA"
124,199,2024-10-23 18:14:00,completed,389.55,"537 Main St, San Jose, CA"
125,162,2024-11-13 12:09:00,completed,462.33,"718 Main St, New York, NY"
126,29,2024-04-07 00:28:00,completed,129.63,"708 Main St, San Antonio, TX"
127,53,2024-07-29 16:49:00,returned,699.53,"754 Main St, San Diego, CA"
128,187,2024-02-01 22:08:00,cancelled,453.1,"679 Main St, Houston, TX"
129,123,2024-09-26 12:20:00,completed,730.58,"351 Main St, San Diego, CA"
130,140,2024-06-30 21:49:00,completed,392.5,"981 Main St, San Jose, CA"
131,64,2024-05-22 17:19:00,completed,619.23,"722 Main St, Phoenix, AZ"
132,54,2024-12-19 22:31:00,completed,285.55,"957 Main St, San Diego, CA"
133,185,2024-05-20 09:07:00,returned,309.96,"405 Main St, Dallas, TX"
134,89,2024-03-15 09:02:00,completed,283.63,"453 Main St, Los Angeles, CA"
135,168,2024-05-11 23:30:00,completed,664.08,"278 Main St, Houston, TX"
136,144,2024-12-22 08:08:00,completed,595.3,"246 Main St, San Jose, CA"
137,63,2024-01-26 21:57:00,cancelled,513.98,"54 Main St, Houston, TX"
138,26,2024-07-30 10:45:00,pending,548.14,"141 Main St, Los Angeles, CA"
139,2,2024-10-08 05:26:00,pending,523.93,"775 Main St, San Diego, CA"
140,74,2024-06-13 09:41:00,completed,525.32,"238 Main St, Los Angeles, CA"
141,137,2024-01-20 05:26:00,completed,797.77,"407 Main St, New York, NY"
142,127,2024-04-05 23:55:00,completed,17.32,"582 Main St, New York, NY"
143,155,2024-02-24 10:18:00,pending,424.21,"911 Main St, Dallas, TX"
144,35,2024-09-15 14:17:00,completed,271.24,"749 Main St, Los Angeles, CA"
145,118,2024-11-27 08:45:00,completed,591.93,"810 Main St, New York, NY"
146,76,2024-10-17 21:48:00,completed,492.65,"655 Main St, Chicago, IL"
147,104,2024-08-06 16:20:00,completed,538.71,"190 Main St, San Antonio, TX"
148,36,2024-09-01 10:59:00,completed,216.02,"242 Main St, New York, NY"
149,115,2024-05-16 10:19:00,returned,19.03,"670 Main St, San Jose, CA"
150,93,2024-12-20 07:03:00,completed,252.38,"416 Main St, San Diego, CA"
151,176,2024-09-14 22:49:00,completed,514.58,"964 Main St, Los Angeles, CA"
152,76,2024-07-07 19:14:00,completed,387.76,"466 Main St, Chicago, IL"
153,192,2024-11-06 11:26:00,cancelled,608.31,"822 Main St, San Diego, CA"
154,171,2024-04-21 07:43:00,returned,425.15,"541 Main St, Los Angeles, CA"
155,181,2024-07-04 02:58:00,returned,58.79,"561 Main St, Los Angeles, CA"
156,130,2024-04-13 18:34:00,completed,269.21,"533 Main St, Chicago, IL"
157,114,2024-02-29 21:13:00,returned,81.84,"523 Main St, San Diego, CA"
158,115,2024-01-29 14:08:00,cancelled,370.87,"60 Main St, San Antonio, TX"
159,144,2024-08-24 21:51:00,completed,322.8,"837 Main St, New York, NY"
160,1,2024-04-21 18:04:00,completed,282.18,"66 Main St, San Antonio, TX"
161,139,2024-01-31 02:59:00,pending,236.8,"185 Main St, New York, NY"
162,197,2024-03-10 20:46:00,completed,794.36,"392 Main St, Philadelphia, PA"
163,115,2024-07-12 12:05:00,cancelled,526.29,"357 Main St, Chicago, IL"
164,31,2024-04-01 17:25:00,cancelled,585.01,"229 Main St, Chicago, IL"
165,1,2024-01-12 09:29:00,cancelled,430.23,"844 Main St, San Antonio, TX"
166,59,2024-05-06 14:22:00,completed,158.9,"897 Main St, Phoenix, AZ"
167,186,2024-02-27 01:51:00,completed,615.18,"905 Main St, San Jose, CA"
168,5,2024-05-03 06:04:00,completed,36.53,"613 Main St, San Jose, CA"
169,173,2024-12-26 01:15:00,completed,356.78,"553 Main St, San Antonio, TX"
170,56,2024-01-29 04:32:00,completed,654.47,"750 Main St, Houston, TX"
171,148,2024-06-12 18:38:00,completed,248.39,"147 Main St, Houston, TX"
172,170,2024-09-23 07:26:00,completed,58.16,"972 Main St, Phoenix, AZ"
173,152,2024-03-30 20:43:00,completed,401.54,"996 Main St, Dallas, TX"
174,89,2024-11-25 21:24:00,cancelled,560.08,"419 Main St, Philadelphia, PA"
175,39,2024-06-02 12:11:00,cancelled,200.36,"231 Main St, San Diego, CA"
176,77,2024-12-28 04:51:00,pending,454.28,"992 Main St, New York, NY"
177,107,2024-10-12 16:08:00,completed,211.45,"339 Main St, Houston, TX"
178,166,2024-02-10 14:54:00,completed,433.15,"850 Main St, Los Angeles, CA"
179,49,2024-01-27 08:24:00,returned,41.24,"75 Main St, San Jose, CA"
180,49,2024-10-27 23:42:00,cancelled,388.72,"891 Main St, Houston, TX"
181,86,2024-06-04 00:13:00,completed,600.03,"773 Main St, Los Angeles, CA"
182,123,2024-05-04 22:38:00,completed,732.95,"566 Main St, San Antonio, TX"
183,83,2024-05-24 12:29:00,cancelled,253.65,"369 Main St, Philadelphia, PA"
184,132,2024-09-11 14:06:00,pending,732.32,"380 Main St, Philadelphia, PA"
185,81,2024-07-30 01:36:00,completed,22.81,"567 Main St, Chicago, IL"
186,150,2024-10-23 23:26:00,completed,164.99,"236 Main St, Chicago, IL"
187,98,2024-10-18 07:31:00,cancelled,213.29,"842 Main St, Philadelphia, PA"
188,126,2024-11-24 23:31:00,pending,588.89,"361 Main St, Chicago, IL"
189,44,2024-03-12 23:34:00,pending,734.35,"556 Main St, Chicago, IL"
190,165,2024-01-31 16:02:00,completed,613.83,"423 Main St, New York, NY"
191,36,2024-11-18 07:04:00,completed,182.79,"467 Main St, New York, NY"
192,96,2024-01-31 19:40:00,returned,530.83,"17 Main St, San Diego, CA"
193,2,2024-09-29 17:26:00,completed,428.24,"282 Main St, New York, NY"
194,138,2024-05-26 00:32:00,completed,94.54,"99 Main St, Chicago, IL"
195,135,2024-03-17 07:12:00,returned,209.41,"363 Main St, Dallas, TX"
196,69,2024-07-22 02:23:00,completed,456.35,"714 Main St, San Diego, CA"
197,58,2024-06-02 21:52:00,completed,83.87,"389 Main St, New York, NY"
198,97,2024-10-09 15:03:00,completed,75.32,"866 Main St, Chicago, IL"
199,112,2024-11-26 10:36:00,completed,736.13,"236 Main St, Dallas, TX"
200,55,2024-12-20 18:30:00,completed,740.09,"701 Main St, New York, NY"
201,72,2024-10-05 18:42:00,completed,743.73,"323 Main St, Chicago, IL"
202,5,2024-04-16 18:09:00,completed,246.43,"578 Main St, Los Angeles, CA"
203,62,2024-10-17 12:43:00,cancelled,313.24,"758 Main St, Philadelphia, PA"
204,36,2024-12-18 23:05:00,cancelled,52.42,"448 Main St, Philadelphia, PA"
205,60,2024-02-08 10:38:00,returned,323.4,"793 Main St, San Jose, CA"
206,84,2024-01-16 20:17:00,pending,190.23,"567 Main St, San Diego, CA"
207,97,2024-08-09 05:43:00,returned,77.7,"634 Main St, San Antonio, TX"
208,76,2024-05-06 22:04:00,completed,131.83,"729 Main St, Phoenix, AZ"
209,163,2024-03-19 23:24:00,completed,94.18,"6 Main St, Philadelphia, PA"
210,79,2024-08-15 11:48:00,completed,114.68,"192 Main St, Los Angeles, CA"
211,111,2024-08-17 17:35:00,cancelled,91.6,"92 Main St, San Antonio, TX"
212,91,2024-10-10 02:38:00,returned,692.34,"13 Main St, Philadelphia, PA"
213,75,2024-07-30 12:49:00,completed,725.11,"249 Main St, Dallas, TX"
214,147,2024-09-23 05:43:00,completed,119.68,"309 Main St, Chicago, IL"
215,69,2024-09-09 04:04:00,completed,228.01,"307 Main St, San Antonio, TX"
216,124,2024-02-09 11:16:00,completed,479.11,"201 Main St, San Diego, CA"
217,118,2024-02-24 04:19:00,completed,272.45,"636 Main St, San Antonio, TX"
218,98,2024-06-17 14:21:00,completed,117.54,"329 Main St, San Jose, CA"
219,155,2024-12-21 06:30:00,completed,772.01,"992 Main St, Chicago, IL"
220,82,2024-05-29 23:44:00,pending,627.76,"334 Main St, San Jose, CA"
221,97,2024-05-23 12:23:00,completed,167.84,"559 Main St, San Jose, CA"
222,47,2024-12-15 17:01:00,pending,356.38,"299 Main St, Houston, TX"
223,178,2024-02-05 13:43:00,pending,510.34,"248 Main St, Chicago, IL"
224,65,2024-12-03 04:45:00,completed,68.43,"613 Main St, San Antonio, TX"
225,123,2024-10-25 12:34:00,cancelled,439.48,"810 Main St, San Antonio, TX"
226,93,2024-12-25 17:38:00,completed,617.47,"674 Main St, Los Angeles, CA"
227,171,2024-06-30 05:41:00,returned,454.94,"661 Main St, New York, NY"
228,174,2024-11-27 12:48:00,completed,93.7,"101 Main St, San Antonio, TX"
229,67,2024-04-23 16:47:00,cancelled,468.61,"590 Main St, Dallas, TX"
230,57,2024-08-16 11:25:00,pending,555.45,"155 Main St, San Jose, CA"
231,89,2024-01-13 15:06:00,completed,737.23,"88 Main St, San Antonio, TX"
232,30,2024-03-13 11:19:00,completed,629.57,"534 Main St, San Diego, CA"
233,124,2024-06-27 15:06:00,pending,261.94,"308 Main St, San Diego, CA"
234,12,2024-12-29 03:01:00,completed,544.94,"169 Main St, Los Angeles, CA"
235,190,2024-05-04 16:11:00,cancelled,271.48,"437 Main St, Chicago, IL"
236,119,2024-04-28 12:40:00,completed,515.98,"443 Main St, Chicago, IL"
237,102,2024-01-15 23:39:00,completed,477.84,"399 Main St, San Diego, CA"
238,2,2024-12-26 06:13:00,completed,466.1,"819 Main St, Los Angeles, CA"
239,138,2024-04-05 11:20:00,completed,100.02,"687 Main St, San Diego, CA"
240,126,2024-09-27 20:20:00,returned,492.93,"602 Main St, San Antonio, TX"
241,30,2024-06-27 11:54:00,pending,146.3,"690 Main St, San Jose, CA"
242,181,2024-06-01 19:37:00,completed,257.42,"245 Main St, Chicago, IL"
243,79,2024-02-29 05:23:00,completed,316.89,"611 Main St, Dallas, TX"
244,36,2024-10-21 12:27:00,completed,512.05,"711 Main St, San Diego, CA"
245,166,2024-03-29 17:10:00,pending,120.83,"323 Main St, Phoenix, AZ"
246,116,2024-11-13 01:55:00,completed,392.84,"200 Main St, New York, NY"
247,99,2024-10-14 16:41:00,pending,550.91,"426 Main St, San Antonio, TX"
248,182,2024-08-15 15:10:00,completed,34.38,"780 Main St, San Jose, CA"
249,57,2024-05-29 01:17:00,completed,238.05,"800 Main St, Dallas, TX"
250,118,2024-10-16 23:49:00,pending,413.54,"587 Main St, Dallas, TX"
251,30,2024-05-17 17:52:00,completed,659.86,"43 Main St, Dallas, TX"
252,195,2024-08-13 17:13:00,completed,591.43,"670 Main St, Los Angeles, CA"
253,193,2024-05-06 09:55:00,completed,217.62,"883 Main St, San Diego, CA"
254,23,2024-08-12 03:49:00,completed,650.46,"603 Main St, Houston, TX"
255,177,2024-06-28 22:39:00,completed,496.76,"804 Main St, Chicago, IL"
256,53,2024-04-15 01:36:00,completed,232.06,"552 Main St, Dallas, TX"
257,44,2024-06-14 22:18:00,completed,221.2,"879 Main St, San Jose, CA"
258,132,2024-12-13 03:08:00,completed,794.06,"888 Main St, New York, NY"
259,168,2024-03-05 22:55:00,completed,125.53,"330 Main St, Houston, TX"
260,64,2024-12-12 12:31:00,completed,509.6,"643 Main St, San Jose, CA"
261,107,2024-07-11 14:04:00,completed,417.33,"285 Main St, San Antonio, TX"
262,178,2024-07-07 14:31:00,completed,11.95,"793 Main St, San Jose, CA"
263,188,2024-02-17 23:29:00,completed,638.59,"408 Main St, Los Angeles, CA"
264,56,2024-08-07 06:31:00,completed,664.39,"346 Main St, Philadelphia, PA"
265,141,2024-10-22 04:36:00,pending,716.38,"781 Main St, Philadelphia, PA"
266,13,2024-01-24 03:40:00,pending,108.15,"879 Main St, New York, NY"
267,41,2024-08-13 14:00:00,completed,796.6,"932 Main St, Houston, TX"
268,34,2024-11-28 09:10:00,completed,527.12,"257 Main St, Los Angeles, CA"
269,22,2024-07-09 21:57:00,completed,323.11,"313 Main St, New York, NY"
270,186,2024-12-24 07:27:00,completed,10.86,"489 Main St, Los Angeles, CA"
271,20,2024-03-08 18:14:00,cancelled,17.34,"713 Main St, San Diego, CA"
272,88,2024-03-02 13:44:00,completed,65.95,"393 Main St, San Diego, CA"
273,23,2024-02-22 03:20:00,completed,118.33,"793 Main St, Phoenix, AZ"
274,193,2024-03-09 20:43:00,completed,429.1,"9 Main St, Los Angeles, CA"
275,157,2024-11-28 05:28:00,completed,506.18,"156 Main St, Houston, TX"
276,106,2024-11-11 21:28:00,completed,718.31,"144 Main St, Los Angeles, CA"
277,193,2024-03-04 18:46:00,completed,770.97,"323 Main St, Philadelphia, PA"
278,36,2024-05-06 08:41:00,completed,447.18,"615 Main St, Houston, TX"
279,185,2024-11-07 09:49:00,completed,172.3,"622 Main St, Phoenix, AZ"
280,131,2024-04-06 23:25:00,completed,629.2,"813 Main St, New York, NY"
281,62,2024-09-10 12:07:00,completed,514.09,"73 Main St, San Diego, CA"
282,136,2024-01-07 11:59:00,completed,315.6,"860 Main St, Chicago, IL"
283,146,2024-08-03 11:34:00,completed,764.02,"789 Main St, San Diego, CA"
284,19,2024-01-09 18:04:00,completed,180.44,"945 Main St, Phoenix, AZ"
285,16,2024-07-22 16:18:00,cancelled,344.62,"412 Main St, San Antonio, TX"
286,22,2024-11-23 17:34:00,returned,229.2,"318 Main St, Chicago, IL"
287,21,2024-09-18 06:51:00,completed,268.13,"601 Main St, Dallas, TX"
288,163,2024-11-28 21:41:00,completed,561.95,"748 Main St, Phoenix, AZ"
289,62,2024-01-30 07:05:00,completed,368.16,"624 Main St, Los Angeles, CA"
290,15,2024-06-07 21:47:00,completed,20.01,"141 Main St, Los Angeles, CA"
291,180,2024-01-06 05:31:00,completed,418.61,"843 Main St, Dallas, TX"
292,185,2024-05-12 05:23:00,completed,589.02,"121 Main St, Phoenix, AZ"
293,198,2024-01-16 10:51:00,completed,423.84,"270 Main St, Phoenix, AZ"
294,183,2024-10-22 20:04:00,pending,413.52,"57 Main St, San Diego, CA"
295,128,2024-10-17 05:23:00,completed,620.93,"916 Main St, Phoenix, AZ"
296,147,2024-12-11 23:07:00,completed,12.03,"880 Main St, Dallas, TX"
297,4,2024-05-05 01:30:00,completed,736.98,"184 Main St, San Antonio, TX"
298,10,2024-10-10 22:47:00,completed,264.22,"427 Main St, Houston, TX"
299,185,2024-06-12 08:52:00,completed,304.52,"515 Main St, San Jose, CA"
300,173,2024-01-27 05:14:00,cancelled,763.72,"71 Main St, New York, NY"
301,120,2024-05-24 09:20:00,completed,370.83,"378 Main St, Dallas, TX"
302,52,2024-05-29 18:50:00,completed,201.64,"378 Main St, San Jose, CA"
303,152,2024-09-09 06:46:00,cancelled,128.95,"955 Main St, Houston, TX"
304,105,2024-01-13 07:34:00,completed,761.28,"2 Main St, New York, NY"
305,195,2024-12-02 12:54:00,completed,172.1,"244 Main St, Los Angeles, CA"
306,108,2024-09-08 01:09:00,completed,44.68,"238 Main St, Los Angeles, CA"
307,134,2024-07-30 22:57:00,completed,779.9,"87 Main St, San Diego, CA"
308,149,2024-02-18 16:08:00,completed,477.6,"64 Main St, Los Angeles, CA"
309,112,2024-12-05 04:15:00,completed,682.22,"949 Main St, Phoenix, AZ"
310,101,2024-12-24 23:20:00,completed,224.85,"77 Main St, San Diego, CA"
311,52,2024-03-10 18:06:00,completed,139.86,"478 Main St, Los Angeles, CA"
312,81,2024-07-27 03:34:00,completed,367.01,"475 Main St, Houston, TX"
313,68,2024-03-02 02:10:00,completed,41.86,"856 Main St, San Jose, CA"
314,84,2024-03-16 02:45:00,completed,323.03,"51 Main St, Philadelphia, PA"
315,174,2024-06-02 08:52:00,completed,762.16,"876 Main St, New York, NY"
316,116,2024-10-11 23:35:00,completed,375.01,"824 Main St, Los Angeles, CA"
317,36,2024-03-03 00:03:00,completed,166.53,"411 Main St, Chicago, IL"
318,96,2024-12-17 20:41:00,completed,473.03,"940 Main St, San Jose, CA"
319,20,2024-01-12 02:12:00,pending,82.66,"868 Main St, Chicago, IL"
320,85,2024-03-03 01:29:00,completed,740.06,"444 Main St, Chicago, IL"
321,186,2024-07-21 15:01:00,completed,146.52,"220 Main St, San Antonio, TX"
322,48,2024-05-20 08:28:00,completed,495.14,"632 Main St, New York, NY"
323,63,2024-11-27 09:31:00,completed,388.43,"90 Main St, Dallas, TX"
324,72,2024-07-15 04:26:00,completed,206.83,"822 Main St, Dallas, TX"
325,140,2024-01-10 12:50:00,completed,440.17,"497 Main St, San Diego, CA"
326,89,2024-10-16 16:20:00,completed,152.05,"327 Main St, Phoenix, AZ"
327,153,2024-04-22 00:57:00,completed,648.84,"484 Main St, New York, NY"
328,136,2024-07-02 18:14:00,completed,205.81,"247 Main St, Los Angeles, CA"
329,69,2024-09-30 23:03:00,completed,678.74,"817 Main St, San Jose, CA"
330,100,2024-06-30 05:11:00,completed,261.22,"756 Main St, San Jose, CA"
331,179,2024-07-02 18:01:00,completed,455.25,"577 Main St, San Jose, CA"
332,49,2024-09-09 17:19:00,completed,39.99,"58 Main St, San Diego, CA"
333,60,2024-11-04 07:01:00,cancelled,10.54,"940 Main St, San Diego, CA"
334,158,2024-04-13 04:21:00,completed,57.05,"152 Main St, Philadelphia, PA"
335,151,2024-12-26 04:49:00,completed,689.93,"984 Main St, Dallas, TX"
336,19,2024-07-10 22:42:00,completed,89.82,"310 Main St, San Jose, CA"
337,83,2024-03-10 05:46:00,completed,522.85,"179 Main St, San Diego, CA"
338,182,2024-10-14 22:56:00,returned,186.36,"604 Main St, Philadelphia, PA"
339,45,2024-07-12 09:46:00,completed,150.39,"2 Main St, Chicago, IL"
340,180,2024-10-20 12:54:00,returned,153.84,"326 Main St, New York, NY"
341,157,2024-04-23 20:36:00,completed,121.11,"764 Main St, San Diego, CA"
342,20,2024-05-01 11:20:00,completed,659.11,"687 Main St, Los Angeles, CA"
343,164,2024-06-20 14:00:00,completed,207.14,"70 Main St, Houston, TX"
344,90,2024-05-11 03:46:00,completed,314.89,"751 Main St, New York, NY"
345,108,2024-03-26 13:31:00,completed,441.36,"104 Main St, Philadelphia, PA"
346,123,2024-10-22 20:48:00,completed,366.52,"819 Main St, Chicago, IL"
347,9,2024-05-30 00:20:00,completed,68.62,"175 Main St, Los Angeles, CA"
348,97,2024-03-23 23:04:00,cancelled,276.98,"629 Main St, Los Angeles, CA"
349,124,2024-12-26 00:27:00,completed,712.91,"161 Main St, San Jose, CA"
350,14,2024-02-21 10:13:00,completed,560.79,"740 Main St, San Antonio, TX"
351,187,2024-10-03 08:42:00,completed,197.66,"51 Main St, Phoenix, AZ"
352,101,2024-10-19 17:53:00,pending,53.06,"4 Main St, Chicago, IL"
353,110,2024-02-14 09:52:00,returned,167.74,"27 Main St, San Diego, CA"
354,53,2024-03-28 20:18:00,completed,676.58,"316 Main St, San Diego, CA"
355,102,2024-08-29 15:57:00,completed,517.07,"397 Main St, Los Angeles, CA"
356,48,2024-07-08 12:23:00,completed,45.25,"451 Main St, San Diego, CA"
357,120,2024-05-14 07:53:00,completed,58.7,"771 Main St, San Jose, CA"
358,179,2024-12-07 03:05:00,completed,337.05,"775 Main St, Dallas, TX"
359,151,2024-04-26 17:03:00,completed,340.72,"549 Main St, Dallas, TX"
360,176,2024-08-31 18:56:00,completed,246.09,"405 Main St, San Diego, CA"
361,183,2024-01-18 16:36:00,cancelled,545.25,"636 Main St, San Jose, CA"
362,38,2024-03-02 14:11:00,completed,648.68,"130 Main St, Houston, TX"
363,11,2024-08-04 02:43:00,completed,797.84,"643 Main St, Houston, TX"
364,38,2024-10-31 08:20:00,completed,316.6,"407 Main St, Los Angeles, CA"
365,142,2024-06-15 08:33:00,pending,631.38,"639 Main St, New York, NY"
366,151,2024-09-24 13:07:00,completed,127.08,"603 Main St, Chicago, IL"
367,150,2024-02-21 03:36:00,completed,695.31,"902 Main St, Phoenix, AZ"
368,89,2024-07-29 08:24:00,pending,491.08,"39 Main St, San Jose, CA"
369,45,2024-05-21 12:09:00,returned,547.84,"412 Main St, San Jose, CA"
370,10,2024-07-21 10:44:00,completed,599.14,"943 Main St, New York, NY"
371,69,2024-07-09 00:21:00,completed,231.47,"504 Main St, Phoenix, AZ"
372,179,2024-12-16 03:55:00,completed,247.38,"762 Main St, Chicago, IL"
373,114,2024-06-13 08:46:00,completed,519.99,"193 Main St, San Jose, CA"
374,114,2024-04-18 13:47:00,pending,695.08,"841 Main St, Dallas, TX"
375,15,2024-09-20 05:04:00,completed,328.67,"800 Main St, Dallas, TX"
376,135,2024-10-18 00:11:00,completed,671.21,"256 Main St, Houston, TX"
377,9,2024-08-21 01:58:00,completed,226.44,"844 Main St, Houston, TX"
378,119,2024-09-15 12:40:00,completed,201.13,"501 Main St, New York, NY"
379,153,2024-08-16 05:55:00,pending,445.55,"353 Main St, San Jose, CA"
380,42,2024-05-12 23:53:00,completed,31.69,"51 Main St, Phoenix, AZ"
381,42,2024-10-19 06:54:00,completed,545.38,"276 Main St, Houston, TX"
382,167,2024-07-28 16:01:00,completed,730.1,"663 Main St, San Diego, CA"
383,45,2024-11-03 00:14:00,completed,646.02,"313 Main St, San Jose, CA"
384,183,2024-12-29 20:17:00,completed,682.75,"471 Main St, San Antonio, TX"
385,65,2024-04-21 14:19:00,cancelled,323.75,"105 Main St, San Jose, CA"
386,2,2024-09-18 21:53:00,completed,521.4,"624 Main St, Dallas, TX"
387,73,2024-06-01 21:06:00,pending,275.66,"284 Main St, Los Angeles, CA"
388,164,2024-06-15 08:16:00,completed,128.44,"784 Main St, Houston, TX"
389,62,2024-01-30 19:25:00,completed,579.81,"672 Main St, Chicago, IL"
390,128,2024-05-31 08:58:00,completed,316.74,"37 Main St, San Antonio, TX"
391,150,2024-12-28 18:52:00,completed,583.97,"228 Main St, Philadelphia, PA"
392,176,2024-09-30 20:50:00,pending,410.78,"866 Main St, Philadelphia, PA"
393,44,2024-12-02 17:11:00,completed,381.92,"759 Main St, Los Angeles, CA"
394,67,2024-10-13 05:43:00,completed,185.58,"229 Main St, Los Angeles, CA"
395,191,2024-06-06 13:50:00,completed,215.84,"302 Main St, Philadelphia, PA"
396,119,2024-03-01 15:03:00,returned,756.0,"73 Main St, San Jose, CA"
397,121,2024-04-09 16:07:00,completed,245.7,"56 Main St, Dallas, TX"
398,39,2024-03-11 06:21:00,completed,715.35,"469 Main St, San Jose, CA"
399,37,2024-06-10 22:11:00,completed,272.78,"182 Main St, San Diego, CA"
400,81,2024-11-20 01:00:00,pending,175.41,"793 Main St, Phoenix, AZ"
401,44,2024-10-22 05:31:00,completed,495.44,"649 Main St, Chicago, IL"
402,110,2024-07-25 13:30:00,completed,39.8,"205 Main St, New York, NY"
403,188,2024-07-10 00:57:00,completed,160.56,"693 Main St, Dallas, TX"
404,2,2024-11-16 23:15:00,completed,256.55,"106 Main St, Philadelphia, PA"
405,99,2024-09-14 18:19:00,completed,660.84,"306 Main St, Los Angeles, CA"
406,75,2024-08-21 23:33:00,returned,276.89,"910 Main St, Dallas, TX"
407,176,2024-03-09 10:57:00,pending,602.59,"169 Main St, Philadelphia, PA"
408,104,2024-01-10 07:14:00,completed,589.92,"604 Main St, Houston, TX"
409,130,2024-03-27 03:23:00,completed,702.47,"262 Main St, San Antonio, TX"
410,198,2024-09-30 19:03:00,returned,532.96,"670 Main St, New York, NY"
411,6,2024-01-25 22:07:00,completed,310.4,"561 Main St, San Diego, CA"
412,65,2024-08-30 22:09:00,completed,247.88,"678 Main St, New York, NY"
413,26,2024-12-05 16:17:00,returned,563.57,"429 Main St, San Jose, CA"
414,27,2024-09-18 23:39:00,completed,100.07,"109 Main St, Phoenix, AZ"
415,128,2024-04-11 19:12:00,completed,778.76,"367 Main St, Dallas, TX"
416,181,2024-07-28 09:10:00,completed,402.12,"213 Main St, Dallas, TX"
417,177,2024-09-03 10:15:00,completed,540.59,"929 Main St, New York, NY"
418,29,2024-10-20 21:31:00,completed,625.83,"77 Main St, Los Angeles, CA"
419,186,2024-02-21 08:41:00,completed,791.05,"304 Main St, San Diego, CA"
420,68,2024-08-25 01:06:00,completed,683.28,"369 Main St, New York, NY"
421,174,2024-06-09 13:47:00,completed,682.48,"912 Main St, Los Angeles, CA"
422,12,2024-01-05 04:42:00,completed,292.45,"449 Main St, Philadelphia, PA"
423,160,2024-05-17 23:05:00,completed,154.47,"411 Main St, Philadelphia, PA"
424,103,2024-08-21 08:53:00,completed,641.92,"665 Main St, San Diego, CA"
425,43,2024-02-27 04:44:00,completed,91.93,"934 Main St, Chicago, IL"
426,152,2024-09-04 18:43:00,pending,492.95,"798 Main St, Chicago, IL"
427,92,2024-11-09 00:55:00,completed,737.11,"116 Main St, San Diego, CA"
428,106,2024-08-13 01:04:00,completed,19.76,"890 Main St, Philadelphia, PA"
429,174,2024-09-25 23:36:00,returned,782.54,"686 Main St, Houston, TX"
430,87,2024-09-22 16:44:00,returned,351.95,"745 Main St, Los Angeles, CA"
431,64,2024-09-03 11:42:00,completed,672.84,"572 Main St, Chicago, IL"
432,157,2024-01-28 00:41:00,completed,680.59,"873 Main St, Dallas, TX"
433,127,2024-03-25 02:48:00,pending,200.3,"994 Main St, Philadelphia, PA"
434,72,2024-01-26 16:14:00,cancelled,328.59,"241 Main St, San Antonio, TX"
435,21,2024-08-23 14:51:00,returned,79.54,"511 Main St, San Diego, CA"
436,115,2024-06-10 03:31:00,completed,328.72,"37 Main St, Los Angeles, CA"
437,143,2024-10-08 00:52:00,completed,770.91,"653 Main St, San Jose, CA"
438,78,2024-09-17 17:13:00,pending,297.04,"56 Main St, Philadelphia, PA"
439,58,2024-08-20 10:35:00,returned,383.78,"673 Main St, San Jose, CA"
440,94,2024-08-19 03:06:00,completed,279.67,"850 Main St, New York, NY"
441,163,2024-05-29 17:33:00,completed,46.16,"169 Main St, Los Angeles, CA"
442,127,2024-03-12 22:47:00,completed,210.89,"201 Main St, Los Angeles, CA"
443,49,2024-03-02 12:13:00,pending,576.26,"111 Main St, Houston, TX"
444,194,2024-07-31 01:59:00,returned,619.99,"462 Main St, Los Angeles, CA"
445,118,2024-12-03 18:32:00,completed,13.43,"754 Main St, San Diego, CA"
446,13,2024-10-10 13:53:00,returned,740.25,"800 Main St, San Diego, CA"
447,46,2024-12-20 18:11:00,completed,316.05,"615 Main St, Los Angeles, CA"
448,156,2024-06-13 16:56:00,completed,783.81,"938 Main St, San Antonio, TX"
449,178,2024-05-07 08:25:00,completed,367.75,"137 Main St, Phoenix, AZ"
450,36,2024-07-30 19:44:00,cancelled,676.03,"561 Main St, Phoenix, AZ"
451,81,2024-12-30 23:59:00,cancelled,168.7,"640 Main St, Houston, TX"
452,183,2024-05-28 21:22:00,completed,408.08,"711 Main St, Chicago, IL"
453,164,2024-06-14 22:07:00,completed,389.49,"585 Main St, Dallas, TX"
454,171,2024-12-29 13:43:00,cancelled,703.21,"433 Main St, Phoenix, AZ"
455,4,2024-09-24 03:01:00,completed,51.92,"58 Main St, Chicago, IL"
456,52,2024-05-16 05:18:00,completed,673.11,"708 Main St, Chicago, IL"
457,76,2024-04-14 17:02:00,completed,90.96,"889 Main St, San Diego, CA"
458,173,2024-10-14 07:47:00,cancelled,197.7,"804 Main St, San Antonio, TX"
459,179,2024-05-27 22:42:00,completed,316.17,"980 Main St, San Antonio, TX"
460,176,2024-06-09 17:03:00,completed,170.44,"890 Main St, Phoenix, AZ"
461,200,2024-08-14 07:58:00,completed,441.83,"618 Main St, San Jose, CA"
462,51,2024-04-09 09:28:00,completed,157.71,"178 Main St, Los Angeles, CA"
463,189,2024-09-20 03:24:00,completed,230.5,"271 Main St, San Antonio, TX"
464,34,2024-03-23 18:54:00,completed,271.14,"727 Main St, New York, NY"
465,40,2024-01-21 04:59:00,completed,50.18,"955 Main St, San Jose, CA"
466,161,2024-11-11 21:19:00,pending,444.63,"75 Main St, San Jose, CA"
467,182,2024-06-11 16:14:00,completed,63.86,"518 Main St, Dallas, TX"
468,41,2024-07-31 17:34:00,completed,286.03,"905 Main St, Los Angeles, CA"
469,55,2024-12-05 10:21:00,completed,182.57,"771 Main St, Phoenix, AZ"
470,159,2024-09-28 15:35:00,completed,538.46,"457 Main St, Los Angeles, CA"
471,62,2024-11-24 19:58:00,returned,767.53,"699 Main St, Houston, TX"
472,83,2024-07-14 03:24:00,completed,581.94,"26 Main St, Dallas, TX"
473,133,2024-07-10 16:51:00,cancelled,394.58,"304 Main St, San Diego, CA"
474,167,2024-04-08 10:32:00,completed,142.24,"980 Main St, Los Angeles, CA"
475,198,2024-10-02 17:00:00,completed,539.56,"793 Main St, Houston, TX"
476,55,2024-12-16 13:53:00,completed,434.83,"720 Main St, Houston, TX"
477,190,2024-08-10 20:52:00,completed,28.76,"735 Main St, Chicago, IL"
478,85,2024-01-20 02:04:00,completed,637.43,"572 Main St, Chicago, IL"
479,19,2024-10-21 07:58:00,completed,316.55,"646 Main St, San Antonio, TX"
480,104,2024-08-09 10:01:00,completed,432.52,"657 Main St, Los Angeles, CA"
481,185,2024-11-12 02:48:00,returned,563.7,"75 Main St, New York, NY"
482,92,2024-09-14 03:18:00,completed,78.34,"784 Main St, San Jose, CA"
483,113,2024-07-14 12:52:00,completed,133.5,"226 Main St, San Diego, CA"
484,35,2024-07-19 17:18:00,completed,545.06,"937 Main St, Phoenix, AZ"
485,187,2024-11-27 11:00:00,cancelled,121.69,"43 Main St, Dallas, TX"
486,2,2024-10-20 19:25:00,cancelled,758.11,"313 Main St, Dallas, TX"
487,54,2024-06-25 06:26:00,cancelled,137.15,"227 Main St, Chicago, IL"
488,158,2024-05-09 06:07:00,completed,683.28,"872 Main St, San Jose, CA"
489,193,2024-10-08 14:41:00,cancelled,239.62,"69 Main St, Los Angeles, CA"
490,65,2024-02-20 06:46:00,returned,761.72,"366 Main St, San Diego, CA"
491,33,2024-12-09 20:15:00,completed,499.42,"922 Main St, Phoenix, AZ"
492,50,2024-06-11 15:28:00,completed,530.94,"711 Main St, San Jose, CA"
493,150,2024-03-19 18:36:00,completed,767.34,"173 Main St, Philadelphia, PA"
494,2,2024-06-09 07:50:00,completed,228.58,"369 Main St, San Antonio, TX"
495,35,2024-12-13 23:21:00,pending,361.83,"794 Main St, San Diego, CA"
496,79,2024-09-06 17:06:00,completed,74.76,"288 Main St, San Jose, CA"
497,36,2024-10-02 06:16:00,completed,714.76,"870 Main St, Los Angeles, CA"
498,130,2024-11-19 00:52:00,returned,330.06,"605 Main St, San Jose, CA"
499,55,2024-01-19 17:16:00,cancelled,382.96,"794 Main St, Dallas, TX"
500,39,2024-07-06 12:14:00,returned,115.77,"514 Main St, Phoenix, AZ"
501,131,2024-02-16 12:23:00,cancelled,533.52,"869 Main St, New York, NY"
502,158,2024-12-16 05:48:00,cancelled,362.51,"184 Main St, Chicago, IL"
503,145,2024-10-16 21:55:00,completed,751.95,"42 Main St, San Diego, CA"
504,57,2024-09-06 07:04:00,completed,194.87,"685 Main St, Philadelphia, PA"
505,53,2024-09-22 11:24:00,pending,706.43,"41 Main St, San Diego, CA"
506,167,2024-06-14 03:45:00,cancelled,669.55,"270 Main St, Phoenix, AZ"
507,149,2024-10-05 18:11:00,completed,298.58,"670 Main St, San Antonio, TX"
508,20,2024-09-21 08:24:00,completed,330.62,"837 Main St, Dallas, TX"
509,89,2024-09-06 15:56:00,returned,406.45,"143 Main St, New York, NY"
510,113,2024-03-25 07:04:00,cancelled,177.1,"192 Main St, Phoenix, AZ"
511,41,2024-07-04 19:45:00,completed,337.54,"339 Main St, Houston, TX"
512,185,2024-02-28 15:43:00,pending,176.46,"166 Main St, San Diego, CA"
513,166,2024-07-29 00:15:00,completed,463.05,"165 Main St, Chicago, IL"
514,35,2024-11-18 16:02:00,returned,54.17,"265 Main St, Chicago, IL"
515,47,2024-09-21 12:38:00,returned,704.02,"746 Main St, New York, NY"
516,170,2024-05-25 02:13:00,pending,794.29,"889 Main St, San Jose, CA"
517,124,2024-03-28 07:53:00,completed,122.74,"597 Main St, San Jose, CA"
518,197,2024-04-03 19:42:00,cancelled,142.5,"703 Main St, Phoenix, AZ"
519,88,2024-08-20 19:37:00,completed,308.79,"136 Main St, Houston, TX"
520,28,2024-01-09 06:33:00,cancelled,662.95,"621 Main St, San Antonio, TX"
521,25,2024-03-31 15:57:00,returned,40.84,"803 Main St, San Jose, CA"
522,137,2024-09-14 03:05:00,pending,722.57,"553 Main St, Chicago, IL"
523,1,2024-12-13 20:27:00,cancelled,302.6,"45 Main St, San Antonio, TX"
524,179,2024-09-28 13:14:00,pending,286.91,"824 Main St, San Antonio, TX"
525,190,2024-12-22 18:06:00,completed,211.07,"785 Main St, Chicago, IL"
526,60,2024-02-12 09:38:00,cancelled,213.67,"6 Main St, San Antonio, TX"
527,182,2024-01-04 18:33:00,completed,15.68,"671 Main St, Dallas, TX"
528,53,2024-12-18 10:26:00,completed,132.28,"668 Main St, Los Angeles, CA"
529,150,2024-05-09 08:54:00,cancelled,456.09,"627 Main St, San Antonio, TX"
530,71,2024-12-14 12:48:00,completed,446.16,"571 Main St, San Antonio, TX"
531,124,2024-04-01 11:35:00,cancelled,210.48,"315 Main St, San Diego, CA"
532,148,2024-06-25 22:25:00,completed,600.77,"458 Main St, Los Angeles, CA"
533,180,2024-03-23 03:13:00,cancelled,631.0,"821 Main St, San Antonio, TX"
534,141,2024-11-10 22:43:00,completed,317.39,"652 Main St, Chicago, IL"
535,2,2024-02-16 04:30:00,returned,79.63,"270 Main St, San Antonio, TX"
536,57,2024-07-08 02:38:00,completed,745.24,"411 Main St, San Antonio, TX"
537,158,2024-12-01 16:18:00,returned,757.12,"840 Main St, New York, NY"
538,45,2024-11-23 15:28:00,completed,681.95,"954 Main St, Houston, TX"
539,133,2024-05-26 06:02:00,returned,417.49,"238 Main St, Dallas, TX"
540,158,2024-03-27 21:02:00,completed,527.47,"162 Main St, Houston, TX"
541,23,2024-05-21 12:22:00,completed,473.0,"531 Main St, San Antonio, TX"
542,4,2024-12-26 02:58:00,completed,234.75,"850 Main St, Dallas, TX"
543,144,2024-10-25 11:22:00,completed,489.03,"200 Main St, Houston, TX"
544,117,2024-07-25 18:00:00,completed,331.64,"110 Main St, Chicago, IL"
545,144,2024-02-07 16:18:00,completed,644.32,"980 Main St, Los Angeles, CA"
546,66,2024-10-02 18:16:00,pending,454.9,"789 Main St, San Antonio, TX"
547,63,2024-06-22 14:43:00,pending,691.0,"494 Main St, San Jose, CA"
548,30,2024-05-12 02:24:00,completed,642.13,"423 Main St, Houston, TX"
549,91,2024-09-21 17:00:00,completed,236.96,"409 Main St, Houston, TX"
550,173,2024-06-24 02:35:00,completed,257.96,"224 Main St, San Diego, CA"
551,147,2024-05-17 05:47:00,completed,592.32,"241 Main St, San Diego, CA"
552,189,2024-05-03 08:13:00,completed,669.6,"857 Main St, Houston, TX"
553,159,2024-07-01 04:49:00,completed,736.95,"693 Main St, Los Angeles, CA"
554,170,2024-09-09 19:00:00,cancelled,679.93,"381 Main St, New York, NY"
555,159,2024-06-10 15:57:00,returned,397.74,"783 Main St, Phoenix, AZ"
556,131,2024-05-23 12:14:00,returned,52.78,"819 Main St, Chicago, IL"
557,109,2024-09-01 17:02:00,cancelled,321.04,"703 Main St, Philadelphia, PA"
558,199,2024-03-30 14:07:00,cancelled,259.36,"9 Main St, San Diego, CA"
559,4,2024-12-11 06:24:00,returned,267.09,"628 Main St, Los Angeles, CA"
560,67,2024-04-05 17:16:00,completed,382.36,"628 Main St, Phoenix, AZ"
561,88,2024-07-06 05:31:00,completed,341.08,"771 Main St, Houston, TX"
562,96,2024-07-05 12:17:00,pending,461.41,"590 Main St, Chicago, IL"
563,176,2024-04-27 03:46:00,completed,448.72,"877 Main St, Houston, TX"
564,98,2024-04-10 04:51:00,completed,646.48,"181 Main St, San Diego, CA"
565,108,2024-09-12 04:57:00,cancelled,579.24,"805 Main St, Dallas, TX"
566,125,2024-06-02 08:35:00,returned,324.74,"708 Main St, New York, NY"
567,42,2024-01-31 06:52:00,completed,672.79,"99 Main St, San Diego, CA"
568,116,2024-06-20 08:23:00,completed,450.42,"830 Main St, Dallas, TX"
569,66,2024-06-25 00:26:00,completed,695.22,"987 Main St, Philadelphia, PA"
570,156,2024-04-11 18:36:00,cancelled,783.7,"292 Main St, Chicago, IL"
571,91,2024-06-15 21:32:00,pending,712.81,"391 Main St, San Diego, CA"
572,158,2024-05-26 14:40:00,completed,516.06,"951 Main St, Chicago, IL"
573,87,2024-08-03 20:39:00,returned,680.63,"74 Main St, San Antonio, TX"
574,21,2024-03-23 10:14:00,completed,525.88,"728 Main St, Philadelphia, PA"
575,69,2024-11-05 20:25:00,completed,626.97,"962 Main St, San Diego, CA"
576,93,2024-10-27 16:28:00,completed,155.27,"24 Main St, Chicago, IL"
577,33,2024-04-30 21:16:00,completed,141.86,"106 Main St, Houston, TX"
578,25,2024-02-02 15:35:00,completed,619.04,"537 Main St, New York, NY"
579,196,2024-02-12 03:16:00,returned,76.61,"954 Main St, Chicago, IL"
580,100,2024-06-07 07:15:00,completed,504.92,"135 Main St, San Diego, CA"
581,135,2024-03-28 00:02:00,completed,692.75,"479 Main St, Philadelphia, PA"
582,139,2024-05-19 17:28:00,completed,149.86,"612 Main St, Dallas, TX"
583,117,2024-11-19 23:40:00,returned,423.53,"655 Main St, San Antonio, TX"
584,137,2024-06-07 11:30:00,cancelled,645.72,"453 Main St, Houston, TX"
585,79,2024-07-06 13:16:00,completed,18.34,"536 Main St, Phoenix, AZ"
586,195,2024-03-10 11:18:00,pending,16.57,"945 Main St, Dallas, TX"
587,126,2024-09-01 09:00:00,completed,481.63,"816 Main St, Phoenix, AZ"
588,2,2024-10-07 11:12:00,completed,355.31,"256 Main St, Dallas, TX"
589,42,2024-11-26 12:53:00,completed,217.75,"433 Main St, Houston, TX"
590,161,2024-05-02 16:48:00,returned,234.89,"761 Main St, Phoenix, AZ"
591,137,2024-05-17 13:12:00,completed,117.93,"114 Main St, Chicago, IL"
592,164,2024-08-21 19:28:00,completed,398.68,"329 Main St, San Jose, CA"
593,5,2024-03-18 01:34:00,completed,778.14,"289 Main St, Chicago, IL"
594,69,2024-03-05 22:28:00,completed,81.26,"16 Main St, Houston, TX"
595,127,2024-04-21 10:26:00,completed,798.39,"475 Main St, San Diego, CA"
596,179,2024-01-17 10:05:00,completed,220.54,"402 Main St, New York, NY"
597,19,2024-10-05 15:11:00,completed,655.63,"849 Main St, Phoenix, AZ"
598,4,2024-03-03 22:15:00,completed,205.26,"35 Main St, San Diego, CA"
599,51,2024-08-23 23:49:00,completed,536.15,"214 Main St, Dallas, TX"
600,122,2024-07-18 21:19:00,completed,507.04,"44 Main St, Chicago, IL"
601,191,2024-10-08 16:07:00,completed,514.43,"204 Main St, San Diego, CA"
602,93,2024-01-27 21:13:00,completed,510.0,"333 Main St, Houston, TX"
603,4,2024-03-26 08:37:00,completed,633.42,"10 Main St, San Antonio, TX"
604,11,2024-10-24 22:30:00,returned,303.4,"92 Main St, Chicago, IL"
605,64,2024-03-21 15:05:00,returned,745.37,"778 Main St, Philadelphia, PA"
606,161,2024-01-31 01:22:00,completed,635.26,"129 Main St, Dallas, TX"
607,125,2024-04-29 10:35:00,completed,589.22,"22 Main St, San Diego, CA"
608,177,2024-07-12 11:46:00,completed,719.94,"497 Main St, Phoenix, AZ"
609,181,2024-08-12 17:18:00,cancelled,159.92,"192 Main St, San Diego, CA"
610,140,2024-06-27 10:46:00,pending,695.45,"614 Main St, Phoenix, AZ"
611,142,2024-03-23 02:33:00,completed,243.58,"270 Main St, San Diego, CA"
612,139,2024-07-06 14:00:00,cancelled,589.59,"905 Main St, San Antonio, TX"
613,5,2024-11-13 11:49:00,returned,263.35,"65 Main St, Houston, TX"
614,169,2024-10-02 12:12:00,cancelled,614.93,"158 Main St, San Diego, CA"
615,157,2024-05-24 10:26:00,completed,86.04,"675 Main St, Los Angeles, CA"
616,18,2024-01-23 04:11:00,completed,94.57,"197 Main St, Houston, TX"
617,26,2024-01-17 18:41:00,completed,425.4,"719 Main St, San Diego, CA"
618,152,2024-05-11 01:23:00,completed,577.1,"14 Main St, San Jose, CA"
619,54,2024-12-01 15:59:00,completed,642.81,"63 Main St, San Diego, CA"
620,93,2024-10-12 23:56:00,completed,637.46,"60 Main St, Philadelphia, PA"
621,158,2024-05-16 16:02:00,completed,71.57,"222 Main St, Phoenix, AZ"
622,133,2024-02-19 03:46:00,completed,314.41,"198 Main St, Dallas, TX"
623,135,2024-12-02 07:36:00,completed,601.86,"426 Main St, Dallas, TX"
624,192,2024-02-24 20:36:00,completed,565.01,"438 Main St, San Diego, CA"
625,27,2024-03-26 05:35:00,completed,276.64,"162 Main St, Dallas, TX"
626,137,2024-11-03 14:59:00,completed,444.56,"333 Main St, Philadelphia, PA"
627,96,2024-07-30 20:27:00,completed,200.17,"559 Main St, San Jose, CA"
628,55,2024-07-11 17:59:00,completed,769.7,"459 Main St, Philadelphia, PA"
629,102,2024-01-01 23:02:00,completed,22.88,"139 Main St, San Jose, CA"
630,78,2024-01-04 09:14:00,completed,27.14,"842 Main St, Philadelphia, PA"
631,177,2024-05-21 17:32:00,cancelled,741.48,"159 Main St, San Jose, CA"
632,25,2024-01-20 14:22:00,completed,219.34,"911 Main St, Chicago, IL"
633,150,2024-05-07 07:16:00,completed,460.68,"583 Main St, Los Angeles, CA"
634,56,2024-02-09 23:20:00,pending,395.74,"921 Main St, Chicago, IL"
635,177,2024-12-25 18:52:00,completed,517.38,"39 Main St, San Jose, CA"
636,188,2024-10-22 12:05:00,completed,284.86,"837 Main St, Philadelphia, PA"
637,112,2024-08-01 03:55:00,completed,743.64,"650 Main St, San Jose, CA"
638,200,2024-11-19 12:03:00,completed,42.53,"553 Main St, Dallas, TX"
639,145,2024-03-17 10:32:00,completed,49.91,"750 Main St, Chicago, IL"
640,101,2024-08-16 19:36:00,cancelled,185.45,"297 Main St, Los Angeles, CA"
641,101,2024-03-16 04:21:00,completed,461.44,"51 Main St, San Diego, CA"
642,141,2024-07-23 08:05:00,completed,353.25,"715 Main St, Dallas, TX"
643,34,2024-03-10 15:35:00,completed,322.3,"586 Main St, San Diego, CA"
644,51,2024-10-14 19:47:00,cancelled,201.43,"273 Main St, Houston, TX"
645,199,2024-08-08 10:43:00,returned,98.9,"424 Main St, Los Angeles, CA"
646,109,2024-07-06 11:12:00,completed,479.16,"25 Main St, Philadelphia, PA"
647,198,2024-06-05 05:22:00,returned,502.31,"452 Main St, San Diego, CA"
648,12,2024-04-29 06:43:00,completed,608.61,"874 Main St, Chicago, IL"
649,22,2024-02-27 23:03:00,completed,742.12,"890 Main St, San Jose, CA"
650,74,2024-01-08 10:44:00,completed,365.55,"24 Main St, Phoenix, AZ"
651,85,2024-04-17 23:34:00,completed,441.68,"769 Main St, Houston, TX"
652,67,2024-10-07 15:39:00,completed,307.52,"928 Main St, New York, NY"
653,170,2024-09-26 01:16:00,completed,234.37,"809 Main St, New York, NY"
654,179,2024-11-12 08:03:00,pending,62.61,"677 Main St, New York, NY"
655,70,2024-12-05 21:23:00,completed,241.07,"905 Main St, New York, NY"
656,167,2024-07-16 07:24:00,cancelled,724.06,"497 Main St, Los Angeles, CA"
657,153,2024-09-29 02:11:00,completed,773.77,"575 Main St, Dallas, TX"
658,183,2024-01-12 01:15:00,cancelled,273.52,"403 Main St, Phoenix, AZ"
659,191,2024-03-21 00:22:00,completed,503.93,"242 Main St, Philadelphia, PA"
660,129,2024-05-21 01:40:00,completed,713.42,"835 Main St, San Antonio, TX"
661,8,2024-10-11 08:14:00,completed,718.77,"673 Main St, Philadelphia, PA"
662,36,2024-02-14 23:24:00,cancelled,699.43,"703 Main St, San Jose, CA"
663,59,2024-08-01 07:36:00,completed,776.72,"932 Main St, San Antonio, TX"
664,155,2024-06-17 14:34:00,completed,525.45,"595 Main St, Houston, TX"
665,139,2024-12-16 06:55:00,completed,553.94,"921 Main St, Phoenix, AZ"
666,135,2024-03-10 13:58:00,completed,734.52,"326 Main St, San Jose, CA"
667,18,2024-10-12 17:46:00,completed,260.9,"901 Main St, Chicago, IL"
668,38,2024-01-16 10:56:00,completed,249.65,"764 Main St, San Antonio, TX"
669,164,2024-05-20 04:49:00,completed,113.92,"27 Main St, Los Angeles, CA"
670,196,2024-11-09 19:17:00,returned,493.77,"611 Main St, San Jose, CA"
671,60,2024-04-28 21:01:00,completed,553.63,"489 Main St, Los Angeles, CA"
672,35,2024-09-14 19:30:00,completed,683.18,"504 Main St, Chicago, IL"
673,122,2024-03-11 05:12:00,completed,332.79,"993 Main St, New York, NY"
674,4,2024-05-18 13:14:00,completed,62.25,"950 Main St, Houston, TX"
675,113,2024-11-11 15:44:00,completed,711.19,"438 Main St, San Diego, CA"
676,104,2024-01-22 19:47:00,completed,321.38,"962 Main St, Philadelphia, PA"
677,191,2024-10-19 19:34:00,cancelled,421.31,"463 Main St, New York, NY"
678,117,2024-01-22 07:33:00,cancelled,787.23,"41 Main St, San Antonio, TX"
679,143,2024-07-17 16:48:00,completed,240.03,"408 Main St, Houston, TX"
680,78,2024-05-26 14:10:00,completed,494.38,"56 Main St, Phoenix, AZ"
681,177,2024-09-21 04:29:00,pending,580.89,"116 Main St, Los Angeles, CA"
682,47,2024-10-26 22:34:00,completed,336.71,"462 Main St, San Antonio, TX"
683,7,2024-04-01 14:37:00,completed,81.24,"332 Main St, San Diego, CA"
684,178,2024-11-28 22:50:00,completed,82.04,"724 Main St, Los Angeles, CA"
685,116,2024-11-20 11:05:00,cancelled,584.23,"999 Main St, San Antonio, TX"
686,131,2024-11-09 05:24:00,cancelled,44.69,"175 Main St, San Antonio, TX"
687,86,2024-10-16 21:55:00,completed,696.37,"184 Main St, Chicago, IL"
688,197,2024-12-30 01:26:00,completed,586.83,"985 Main St, Phoenix, AZ"
689,115,2024-05-27 20:11:00,completed,768.74,"4 Main St, Chicago, IL"
690,160,2024-05-09 00:29:00,pending,439.37,"6 Main St, San Diego, CA"
691,156,2024-09-09 07:13:00,returned,368.45,"453 Main St, San Diego, CA"
692,21,2024-11-03 19:00:00,completed,229.71,"644 Main St, Dallas, TX"
693,143,2024-04-16 01:11:00,completed,526.09,"38 Main St, New York, NY"
694,38,2024-01-17 21:36:00,returned,271.58,"90 Main St, Phoenix, AZ"
695,13,2024-02-25 13:11:00,completed,492.76,"709 Main St, Phoenix, AZ"
696,180,2024-10-31 18:50:00,cancelled,773.37,"768 Main St, Chicago, IL"
697,149,2024-07-03 01:05:00,completed,301.17,"389 Main St, Philadelphia, PA"
698,18,2024-08-06 17:04:00,completed,116.29,"712 Main St, San Diego, CA"
699,71,2024-06-17 16:26:00,cancelled,559.71,"627 Main St, Houston, TX"
700,15,2024-02-25 18:46:00,cancelled,392.09,"706 Main St, Los Angeles, CA"
701,155,2024-12-27 09:27:00,returned,215.13,"589 Main St, Philadelphia, PA"
702,160,2024-06-30 04:39:00,returned,420.57,"648 Main St, San Diego, CA"
703,128,2024-09-09 05:56:00,returned,569.78,"199 Main St, Houston, TX"
704,1,2024-03-01 00:29:00,completed,641.66,"425 Main St, Houston, TX"
705,106,2024-01-24 10:22:00,cancelled,18.92,"207 Main St, Houston, TX"
706,177,2024-05-24 08:50:00,completed,247.22,"564 Main St, Phoenix, AZ"
707,83,2024-01-04 03:43:00,completed,322.88,"583 Main St, Philadelphia, PA"
708,158,2024-01-15 05:12:00,completed,738.6,"491 Main St, Philadelphia, PA"
709,122,2024-01-19 20:08:00,pending,505.49,"914 Main St, Chicago, IL"
710,138,2024-06-20 14:50:00,completed,669.73,"307 Main St, New York, NY"
711,145,2024-12-13 10:35:00,cancelled,174.53,"702 Main St, New York, NY"
712,85,2024-06-30 02:09:00,completed,277.93,"385 Main St, New York, NY"
713,161,2024-09-30 05:36:00,returned,158.03,"120 Main St, San Antonio, TX"
714,193,2024-06-06 22:54:00,completed,224.48,"89 Main St, New York, NY"
715,128,2024-05-01 11:28:00,completed,424.83,"180 Main St, Houston, TX"
716,29,2024-07-10 01:49:00,completed,360.58,"26 Main St, Los Angeles, CA"
717,124,2024-09-13 04:12:00,completed,588.63,"537 Main St, San Diego, CA"
718,80,2024-06-16 04:49:00,completed,544.61,"136 Main St, Dallas, TX"
719,53,2024-01-19 14:24:00,cancelled,13.25,"955 Main St, Los Angeles, CA"
720,12,2024-12-17 19:55:00,completed,378.83,"48 Main St, Philadelphia, PA"
721,27,2024-09-23 21:47:00,completed,466.27,"320 Main St, New York, NY"
722,164,2024-04-17 10:12:00,completed,228.55,"327 Main St, Phoenix, AZ"
723,198,2024-08-13 21:07:00,completed,134.42,"118 Main St, Chicago, IL"
724,4,2024-11-14 17:32:00,completed,438.6,"563 Main St, Houston, TX"
725,82,2024-05-18 04:45:00,completed,203.41,"73 Main St, San Jose, CA"
726,80,2024-11-09 10:34:00,pending,112.76,"483 Main St, New York, NY"
727,173,2024-01-26 03:24:00,completed,346.91,"184 Main St, Los Angeles, CA"
728,181,2024-11-01 18:40:00,pending,290.94,"341 Main St, San Jose, CA"
729,51,2024-12-09 17:05:00,pending,114.12,"833 Main St, San Jose, CA"
730,179,2024-08-27 03:29:00,completed,381.73,"971 Main St, San Diego, CA"
731,58,2024-03-14 19:16:00,completed,154.85,"940 Main St, San Antonio, TX"
732,171,2024-06-18 10:29:00,pending,61.64,"116 Main St, New York, NY"
733,90,2024-09-02 14:54:00,completed,616.67,"619 Main St, Phoenix, AZ"
734,148,2024-03-06 16:06:00,completed,267.44,"666 Main St, Los Angeles, CA"
735,19,2024-06-03 17:29:00,completed,336.62,"636 Main St, San Jose, CA"
736,63,2024-10-07 05:30:00,completed,279.16,"834 Main St, Los Angeles, CA"
737,178,2024-10-29 13:50:00,completed,631.99,"558 Main St, San Jose, CA"
738,178,2024-04-30 05:42:00,completed,671.03,"118 Main St, San Jose, CA"
739,152,2024-11-01 14:20:00,cancelled,659.4,"181 Main St, Los Angeles, CA"
740,79,2024-07-26 02:38:00,completed,619.36,"389 Main St, San Jose, CA"
741,84,2024-09-10 20:42:00,completed,181.91,"143 Main St, Los Angeles, CA"
742,149,2024-11-21 00:48:00,completed,367.85,"299 Main St, Chicago, IL"
743,100,2024-11-11 18:28:00,completed,548.4,"325 Main St, Houston, TX"
744,77,2024-10-18 21:19:00,completed,792.33,"597 Main St, Philadelphia, PA"
745,3,2024-11-09 16:25:00,completed,59.3,"923 Main St, Phoenix, AZ"
746,141,2024-01-28 00:45:00,cancelled,96.66,"289 Main St, Philadelphia, PA"
747,8,2024-04-30 13:44:00,returned,503.92,"729 Main St, San Antonio, TX"
748,98,2024-07-26 12:27:00,cancelled,533.37,"487 Main St, Houston, TX"
749,36,2024-04-06 17:24:00,completed,131.87,"894 Main St, San Antonio, TX"
750,172,2024-03-05 04:00:00,completed,123.76,"907 Main St, New York, NY"
751,125,2024-12-02 13:08:00,completed,517.37,"426 Main St, Chicago, IL"
752,117,2024-12-22 19:59:00,completed,152.04,"522 Main St, San Jose, CA"
753,109,2024-10-09 14:24:00,completed,156.77,"620 Main St, Houston, TX"
754,2,2024-10-22 15:54:00,completed,222.71,"949 Main St, Dallas, TX"
755,140,2024-10-22 11:02:00,completed,391.78,"378 Main St, San Jose, CA"
756,29,2024-10-24 15:44:00,completed,586.85,"540 Main St, Chicago, IL"
757,193,2024-05-23 14:33:00,completed,713.03,"91 Main St, Dallas, TX"
758,63,2024-08-29 20:47:00,completed,640.5,"320 Main St, Dallas, TX"
759,157,2024-01-28 10:34:00,completed,368.69,"928 Main St, San Diego, CA"
760,121,2024-10-20 23:21:00,completed,768.86,"818 Main St, Philadelphia, PA"
761,76,2024-05-28 05:02:00,returned,584.31,"578 Main St, Phoenix, AZ"
762,67,2024-02-01 20:30:00,returned,462.56,"673 Main St, Chicago, IL"
763,75,2024-11-15 00:18:00,pending,110.19,"79 Main St, Los Angeles, CA"
764,72,2024-05-09 04:39:00,completed,687.71,"15 Main St, Phoenix, AZ"
765,190,2024-02-27 19:11:00,returned,530.73,"379 Main St, Chicago, IL"
766,45,2024-05-13 22:15:00,pending,641.5,"883 Main St, Chicago, IL"
767,9,2024-06-24 02:09:00,returned,671.72,"771 Main St, Chicago, IL"
768,106,2024-07-15 07:42:00,pending,176.58,"752 Main St, Chicago, IL"
769,89,2024-01-28 20:16:00,completed,142.4,"409 Main St, New York, NY"
770,122,2024-06-03 15:47:00,cancelled,310.04,"723 Main St, Houston, TX"
771,100,2024-08-30 08:09:00,cancelled,19.37,"950 Main St, San Antonio, TX"
772,115,2024-07-14 21:20:00,cancelled,86.92,"545 Main St, New York, NY"
773,164,2024-06-30 13:39:00,completed,223.56,"822 Main St, Philadelphia, PA"
774,26,2024-05-10 20:37:00,completed,620.79,"768 Main St, San Diego, CA"
775,62,2024-12-10 18:49:00,completed,276.55,"707 Main St, Dallas, TX"
776,47,2024-06-09 17:00:00,completed,19.45,"101 Main St, Los Angeles, CA"
777,135,2024-02-23 21:28:00,completed,582.95,"258 Main St, Houston, TX"
778,50,2024-01-18 00:39:00,completed,751.42,"673 Main St, New York, NY"
779,56,2024-11-02 20:07:00,completed,686.59,"134 Main St, Los Angeles, CA"
780,97,2024-12-02 20:36:00,completed,559.57,"260 Main St, Los Angeles, CA"
781,76,2024-08-27 21:59:00,completed,738.93,"284 Main St, San Diego, CA"
782,197,2024-08-06 22:57:00,completed,137.95,"76 Main St, Phoenix, AZ"
783,71,2024-02-01 12:24:00,completed,214.01,"833 Main St, New York, NY"
784,68,2024-04-01 14:04:00,pending,492.14,"183 Main St, Houston, TX"
785,166,2024-09-08 03:09:00,cancelled,182.53,"659 Main St, San Antonio, TX"
786,28,2024-08-14 22:16:00,completed,67.61,"586 Main St, New York, NY"
787,187,2024-05-08 14:01:00,pending,525.76,"1 Main St, Chicago, IL"
788,10,2024-12-06 12:17:00,completed,724.65,"589 Main St, Philadelphia, PA"
789,1,2024-09-20 22:49:00,pending,354.49,"865 Main St, San Diego, CA"
790,187,2024-02-05 17:14:00,completed,763.78,"838 Main St, San Antonio, TX"
791,200,2024-09-03 03:36:00,cancelled,273.42,"311 Main St, Philadelphia, PA"
792,103,2024-01-29 20:41:00,completed,432.35,"984 Main St, Philadelphia, PA"
793,88,2024-02-11 14:48:00,completed,149.53,"41 Main St, Houston, TX"
794,99,2024-12-04 06:19:00,completed,508.19,"368 Main St, Los Angeles, CA"
795,125,2024-02-13 20:28:00,completed,38.2,"26 Main St, Chicago, IL"
796,185,2024-10-30 07:31:00,completed,636.26,"659 Main St, Los Angeles, CA"
797,79,2024-09-12 17:53:00,pending,39.26,"58 Main St, New York, NY"
798,87,2024-01-22 12:07:00,completed,372.11,"695 Main St, Dallas, TX"
799,138,2024-03-17 23:37:00,completed,39.13,"145 Main St, Los Angeles, CA"
800,126,2024-11-30 00:30:00,returned,201.72,"665 Main St, New York, NY"
801,34,2024-01-08 05:40:00,completed,658.38,"100 Main St, Phoenix, AZ"
802,117,2024-11-08 05:53:00,returned,656.06,"109 Main St, Los Angeles, CA"
803,30,2024-09-11 19:51:00,returned,59.86,"208 Main St, Houston, TX"
804,110,2024-06-21 23:43:00,completed,105.43,"701 Main St, Philadelphia, PA"
805,148,2024-10-06 04:20:00,completed,478.54,"344 Main St, New York, NY"
806,17,2024-03-02 08:09:00,completed,560.07,"567 Main St, Chicago, IL"
807,43,2024-08-12 07:59:00,returned,115.36,"811 Main St, New York, NY"
808,162,2024-11-09 12:49:00,completed,704.91,"83 Main St, New York, NY"
809,2,2024-01-04 05:59:00,completed,710.66,"427 Main St, San Jose, CA"
810,178,2024-08-31 22:08:00,completed,515.46,"536 Main St, Chicago, IL"
811,116,2024-07-29 07:11:00,returned,481.05,"735 Main St, New York, NY"
812,128,2024-11-09 02:40:00,completed,340.84,"572 Main St, Philadelphia, PA"
813,61,2024-04-08 03:33:00,completed,295.9,"780 Main St, San Jose, CA"
814,139,2024-09-16 07:29:00,completed,51.92,"116 Main St, Phoenix, AZ"
815,39,2024-12-16 15:31:00,completed,539.41,"45 Main St, Chicago, IL"
816,14,2024-11-26 11:18:00,completed,208.59,"632 Main St, San Antonio, TX"
817,195,2024-08-20 01:06:00,completed,148.95,"805 Main St, Dallas, TX"
818,8,2024-09-05 16:07:00,completed,579.91,"607 Main St, Houston, TX"
819,149,2024-06-15 13:12:00,completed,625.39,"334 Main St, Houston, TX"
820,59,2024-02-20 07:47:00,completed,306.67,"226 Main St, Houston, TX"
821,19,2024-08-29 18:31:00,completed,124.5,"951 Main St, San Antonio, TX"
822,157,2024-08-20 05:24:00,completed,371.61,"199 Main St, Chicago, IL"
823,162,2024-07-02 08:12:00,completed,35.35,"583 Main St, Chicago, IL"
824,16,2024-05-23 04:07:00,pending,340.4,"779 Main St, San Diego, CA"
825,88,2024-04-22 09:38:00,completed,725.41,"592 Main St, San Jose, CA"
826,142,2024-04-27 02:26:00,cancelled,691.14,"222 Main St, San Diego, CA"
827,152,2024-08-30 14:17:00,completed,591.58,"253 Main St, San Antonio, TX"
828,64,2024-06-16 13:37:00,completed,757.54,"936 Main St, San Jose, CA"
829,147,2024-01-03 13:02:00,completed,589.45,"517 Main St, San Diego, CA"
830,9,2024-08-05 16:25:00,pending,367.43,"247 Main St, Los Angeles, CA"
831,22,2024-10-12 00:44:00,completed,114.84,"303 Main St, Houston, TX"
832,62,2024-11-27 02:01:00,pending,137.82,"471 Main St, Phoenix, AZ"
833,147,2024-10-25 00:29:00,pending,700.62,"416 Main St, Chicago, IL"
834,48,2024-07-08 20:29:00,completed,314.05,"708 Main St, Los Angeles, CA"
835,86,2024-09-28 01:18:00,completed,561.46,"628 Main St, Phoenix, AZ"
836,139,2024-10-21 06:50:00,completed,705.87,"754 Main St, San Jose, CA"
837,15,2024-09-20 21:23:00,completed,312.53,"477 Main St, Los Angeles, CA"
838,159,2024-01-21 11:23:00,completed,566.85,"575 Main St, Dallas, TX"
839,182,2024-04-14 04:21:00,completed,99.71,"490 Main St, Dallas, TX"
840,189,2024-10-24 22:13:00,completed,288.64,"274 Main St, Philadelphia, PA"
841,129,2024-12-14 13:17:00,completed,304.52,"464 Main St, Los Angeles, CA"
842,125,2024-09-13 16:53:00,completed,570.76,"695 Main St, San Diego, CA"
843,137,2024-05-29 14:39:00,completed,158.8,"906 Main St, Los Angeles, CA"
844,118,2024-02-14 02:25:00,completed,767.02,"79 Main St, Phoenix, AZ"
845,28,2024-03-25 08:07:00,completed,128.89,"210 Main St, San Diego, CA"
846,134,2024-11-17 00:18:00,completed,746.06,"486 Main St, Dallas, TX"
847,89,2024-08-03 14:47:00,completed,159.36,"23 Main St, Phoenix, AZ"
848,60,2024-09-23 20:21:00,completed,280.81,"662 Main St, San Jose, CA"
849,84,2024-09-05 18:42:00,cancelled,361.75,"312 Main St, Dallas, TX"
850,146,2024-03-08 09:10:00,completed,392.55,"995 Main St, Houston, TX"
851,74,2024-01-25 04:22:00,completed,765.41,"634 Main St, San Diego, CA"
852,42,2024-12-30 17:18:00,completed,673.07,"710 Main St, Chicago, IL"
853,171,2024-03-19 05:15:00,completed,795.08,"589 Main St, New York, NY"
854,33,2024-08-13 08:23:00,completed,454.36,"36 Main St, Houston, TX"
855,171,2024-06-11 11:09:00,completed,436.49,"167 Main St, San Diego, CA"
856,137,2024-06-03 03:58:00,completed,745.54,"787 Main St, San Antonio, TX"
857,38,2024-08-22 10:09:00,completed,780.72,"340 Main St, Dallas, TX"
858,166,2024-12-27 09:30:00,completed,536.84,"819 Main St, San Jose, CA"
859,145,2024-08-14 10:44:00,completed,721.14,"143 Main St, San Diego, CA"
860,174,2024-10-09 03:19:00,completed,497.84,"226 Main St, San Antonio, TX"
861,115,2024-07-01 02:20:00,completed,516.64,"598 Main St, San Jose, CA"
862,135,2024-04-23 08:12:00,completed,435.35,"457 Main St, Los Angeles, CA"
863,174,2024-12-09 02:32:00,completed,397.47,"618 Main St, Houston, TX"
864,155,2024-09-18 01:58:00,completed,126.88,"875 Main St, San Antonio, TX"
865,110,2024-07-08 12:23:00,completed,282.49,"316 Main St, Phoenix, AZ"
866,115,2024-10-14 02:13:00,pending,644.91,"296 Main St, San Antonio, TX"
867,42,2024-08-05 23:57:00,completed,670.05,"613 Main St, Chicago, IL"
868,23,2024-03-14 06:19:00,pending,789.44,"68 Main St, Dallas, TX"
869,152,2024-07-11 02:00:00,completed,337.47,"570 Main St, Phoenix, AZ"
870,119,2024-12-29 18:48:00,completed,156.95,"391 Main St, Houston, TX"
871,75,2024-10-10 15:02:00,completed,250.09,"573 Main St, San Jose, CA"
872,190,2024-08-25 07:01:00,completed,217.51,"979 Main St, Chicago, IL"
873,164,2024-11-21 15:07:00,completed,151.7,"929 Main St, San Antonio, TX"
874,177,2024-11-26 07:01:00,completed,399.51,"994 Main St, Phoenix, AZ"
875,18,2024-11-02 23:23:00,returned,456.8,"890 Main St, San Diego, CA"
876,67,2024-11-17 21:30:00,completed,414.9,"590 Main St, Philadelphia, PA"
877,5,2024-05-12 05:37:00,completed,262.55,"900 Main St, Chicago, IL"
878,178,2024-03-10 11:10:00,completed,295.32,"652 Main St, Phoenix, AZ"
879,92,2024-01-25 09:18:00,cancelled,415.95,"785 Main St, Los Angeles, CA"
880,161,2024-04-03 03:38:00,completed,264.86,"324 Main St, Dallas, TX"
881,176,2024-06-03 08:43:00,completed,432.19,"361 Main St, Los Angeles, CA"
882,37,2024-01-07 04:33:00,completed,625.26,"422 Main St, Philadelphia, PA"
883,88,2024-03-24 03:13:00,completed,184.68,"193 Main St, Dallas, TX"
884,144,2024-11-10 22:53:00,cancelled,572.91,"720 Main St, Dallas, TX"
885,194,2024-02-28 13:29:00,completed,656.89,"946 Main St, Los Angeles, CA"
886,5,2024-09-02 11:19:00,completed,655.46,"912 Main St, Chicago, IL"
887,153,2024-09-24 10:11:00,completed,598.12,"122 Main St, New York, NY"
888,57,2024-03-06 22:09:00,completed,109.02,"134 Main St, Phoenix, AZ"
889,21,2024-08-05 22:48:00,completed,24.86,"496 Main St, Los Angeles, CA"
890,194,2024-08-08 01:12:00,completed,636.51,"526 Main St, New York, NY"
891,152,2024-01-31 15:07:00,completed,62.34,"684 Main St, New York, NY"
892,3,2024-02-19 03:58:00,returned,474.21,"205 Main St, Houston, TX"
893,48,2024-12-09 11:01:00,completed,678.23,"965 Main St, Chicago, IL"
894,72,2024-10-23 11:22:00,completed,626.83,"628 Main St, Dallas, TX"
895,62,2024-09-15 18:04:00,completed,612.96,"542 Main St, San Jose, CA"
896,56,2024-04-08 09:10:00,cancelled,779.13,"102 Main St, New York, NY"
897,55,2024-09-15 22:30:00,completed,156.25,"690 Main St, San Jose, CA"
898,28,2024-04-02 11:24:00,completed,416.26,"418 Main St, Houston, TX"
899,29,2024-06-09 03:29:00,completed,117.37,"781 Main St, Dallas, TX"
900,93,2024-12-26 09:35:00,completed,269.21,"119 Main St, Los Angeles, CA"
901,99,2024-05-25 14:38:00,completed,188.44,"418 Main St, San Diego, CA"
902,75,2024-08-07 06:54:00,completed,751.87,"377 Main St, San Diego, CA"
903,46,2024-01-07 21:31:00,completed,356.07,"675 Main St, San Antonio, TX"
904,174,2024-02-13 03:09:00,completed,559.08,"105 Main St, San Antonio, TX"
905,190,2024-03-27 02:23:00,completed,168.21,"865 Main St, Philadelphia, PA"
906,104,2024-03-03 07:53:00,completed,230.03,"731 Main St, San Diego, CA"
907,197,2024-10-24 18:17:00,completed,385.9,"618 Main St, Philadelphia, PA"
908,104,2024-09-05 16:17:00,completed,95.35,"257 Main St, San Diego, CA"
909,126,2024-09-11 07:40:00,completed,88.69,"55 Main St, New York, NY"
910,18,2024-09-12 21:01:00,completed,487.62,"335 Main St, San Antonio, TX"
911,40,2024-06-04 19:39:00,completed,532.25,"533 Main St, Los Angeles, CA"
912,197,2024-09-09 14:12:00,completed,397.3,"268 Main St, San Diego, CA"
913,139,2024-06-24 17:34:00,completed,792.66,"902 Main St, New York, NY"
914,31,2024-07-15 14:20:00,completed,373.13,"34 Main St, San Diego, CA"
915,46,2024-10-12 21:55:00,completed,398.27,"138 Main St, Chicago, IL"
916,80,2024-07-18 15:48:00,completed,543.27,"676 Main St, San Jose, CA"
917,142,2024-12-16 17:36:00,pending,454.18,"161 Main St, San Diego, CA"
918,130,2024-01-29 12:16:00,pending,776.99,"632 Main St, San Jose, CA"
919,174,2024-06-29 09:20:00,completed,476.47,"132 Main St, New York, NY"
920,94,2024-06-27 23:37:00,completed,310.65,"439 Main St, Philadelphia, PA"
921,89,2024-07-01 13:22:00,completed,205.62,"664 Main St, Houston, TX"
922,80,2024-10-30 02:58:00,completed,100.43,"174 Main St, Phoenix, AZ"
923,6,2024-10-02 10:02:00,pending,458.76,"924 Main St, San Antonio, TX"
924,108,2024-05-16 00:44:00,pending,27.57,"325 Main St, San Jose, CA"
925,97,2024-10-19 12:20:00,returned,648.58,"103 Main St, Los Angeles, CA"
926,177,2024-12-11 06:21:00,pending,651.05,"684 Main St, Dallas, TX"
927,87,2024-03-26 19:19:00,completed,169.39,"651 Main St, San Antonio, TX"
928,20,2024-10-01 06:18:00,completed,244.88,"588 Main St, New York, NY"
929,103,2024-04-25 19:47:00,completed,84.84,"345 Main St, San Jose, CA"
930,70,2024-02-04 18:51:00,cancelled,347.41,"356 Main St, San Diego, CA"
931,20,2024-11-29 09:32:00,completed,534.13,"321 Main St, San Antonio, TX"
932,52,2024-07-31 12:16:00,returned,368.05,"782 Main St, Dallas, TX"
933,141,2024-04-02 00:40:00,cancelled,465.71,"219 Main St, Chicago, IL"
934,170,2024-08-27 08:59:00,cancelled,683.69,"929 Main St, San Jose, CA"
935,112,2024-10-16 23:40:00,completed,168.51,"474 Main St, Dallas, TX"
936,38,2024-05-03 04:47:00,completed,334.11,"881 Main St, San Antonio, TX"
937,17,2024-11-20 06:54:00,completed,660.73,"662 Main St, Phoenix, AZ"
938,42,2024-05-11 21:38:00,completed,198.4,"154 Main St, San Antonio, TX"
939,50,2024-01-15 07:51:00,completed,393.45,"447 Main St, San Diego, CA"
940,109,2024-11-27 01:12:00,completed,117.78,"265 Main St, Phoenix, AZ"
941,72,2024-12-03 17:11:00,completed,627.96,"57 Main St, San Diego, CA"
942,22,2024-06-09 19:19:00,completed,718.45,"688 Main St, San Antonio, TX"
943,169,2024-02-16 12:53:00,completed,98.43,"753 Main St, Houston, TX"
944,129,2024-03-02 16:42:00,returned,208.93,"906 Main St, Dallas, TX"
945,24,2024-05-01 19:07:00,completed,667.54,"755 Main St, Philadelphia, PA"
946,100,2024-04-30 13:13:00,completed,148.37,"994 Main St, Los Angeles, CA"
947,71,2024-08-13 13:16:00,returned,397.38,"384 Main St, New York, NY"
948,180,2024-02-27 10:34:00,completed,549.36,"987 Main St, San Diego, CA"
949,72,2024-03-15 11:30:00,completed,26.65,"991 Main St, Phoenix, AZ"
950,156,2024-01-18 23:42:00,completed,209.86,"394 Main St, Houston, TX"
951,80,2024-11-23 22:23:00,completed,694.89,"879 Main St, Dallas, TX"
952,114,2024-07-17 00:58:00,completed,247.7,"959 Main St, Phoenix, AZ"
953,194,2024-04-30 09:13:00,completed,508.77,"901 Main St, San Diego, CA"
954,197,2024-11-25 13:50:00,completed,694.49,"843 Main St, Phoenix, AZ"
955,200,2024-09-08 15:47:00,completed,576.73,"898 Main St, Philadelphia, PA"
956,26,2024-03-23 22:16:00,cancelled,287.97,"617 Main St, Los Angeles, CA"
957,187,2024-10-07 23:20:00,pending,611.96,"657 Main St, New York, NY"
958,165,2024-04-04 20:28:00,completed,326.52,"644 Main St, New York, NY"
959,79,2024-06-09 18:05:00,completed,207.19,"731 Main St, Chicago, IL"
960,197,2024-11-28 04:54:00,returned,636.19,"328 Main St, San Antonio, TX"
961,116,2024-09-01 23:08:00,completed,553.1,"847 Main St, Chicago, IL"
962,84,2024-05-24 06:05:00,completed,153.69,"898 Main St, Philadelphia, PA"
963,97,2024-10-19 07:01:00,completed,521.21,"642 Main St, Dallas, TX"
964,59,2024-02-15 14:12:00,completed,49.33,"633 Main St, Chicago, IL"
965,110,2024-11-03 08:09:00,completed,144.4,"581 Main St, Philadelphia, PA"
966,31,2024-01-08 22:33:00,completed,663.53,"507 Main St, San Diego, CA"
967,31,2024-04-24 22:13:00,completed,237.49,"507 Main St, Phoenix, AZ"
968,98,2024-03-07 13:54:00,completed,180.3,"844 Main St, San Jose, CA"
969,73,2024-12-12 06:26:00,completed,636.05,"30 Main St, San Antonio, TX"
970,75,2024-05-14 07:39:00,pending,302.01,"701 Main St, Houston, TX"
971,166,2024-08-22 02:00:00,pending,698.44,"998 Main St, Chicago, IL"
972,178,2024-07-22 21:13:00,completed,591.52,"263 Main St, San Antonio, TX"
973,19,2024-02-18 17:03:00,completed,745.54,"483 Main St, Philadelphia, PA"
974,91,2024-11-06 21:51:00,returned,14.24,"517 Main St, New York, NY"
975,159,2024-07-14 09:25:00,completed,774.77,"573 Main St, Chicago, IL"
976,11,2024-10-24 05:16:00,completed,399.34,"348 Main St, Dallas, TX"
977,120,2024-03-08 02:20:00,cancelled,122.02,"120 Main St, San Antonio, TX"
978,81,2024-01-23 04:31:00,completed,741.73,"290 Main St, Philadelphia, PA"
979,68,2024-11-09 08:33:00,completed,715.21,"324 Main St, San Antonio, TX"
980,189,2024-09-08 04:35:00,pending,159.25,"56 Main St, New York, NY"
981,59,2024-04-03 01:30:00,completed,567.71,"447 Main St, Chicago, IL"
982,30,2024-09-10 01:28:00,completed,393.31,"505 Main St, Dallas, TX"
983,29,2024-03-16 03:22:00,completed,695.86,"185 Main St, Houston, TX"
984,44,2024-09-17 08:36:00,returned,471.0,"995 Main St, Houston, TX"
985,2,2024-09-26 18:11:00,completed,204.46,"511 Main St, Los Angeles, CA"
986,174,2024-02-18 10:01:00,completed,321.39,"605 Main St, Los Angeles, CA"
987,28,2024-06-14 04:01:00,completed,666.25,"676 Main St, San Diego, CA"
988,123,2024-08-20 20:17:00,returned,270.25,"45 Main St, New York, NY"
989,168,2024-11-14 14:20:00,returned,176.98,"50 Main St, Chicago, IL"
990,165,2024-05-24 10:51:00,completed,442.25,"617 Main St, Los Angeles, CA"
991,98,2024-02-17 12:16:00,completed,772.39,"887 Main St, Houston, TX"
992,103,2024-02-15 00:54:00,completed,316.92,"413 Main St, Chicago, IL"
993,73,2024-11-27 20:09:00,completed,397.77,"443 Main St, Phoenix, AZ"
994,189,2024-06-07 21:38:00,completed,535.76,"853 Main St, Philadelphia, PA"
995,95,2024-09-19 06:31:00,pending,386.39,"577 Main St, San Antonio, TX"
996,154,2024-08-04 02:48:00,completed,494.96,"445 Main St, Philadelphia, PA"
997,162,2024-08-06 02:02:00,cancelled,778.88,"693 Main St, Philadelphia, PA"
998,58,2024-11-27 21:45:00,completed,426.55,"663 Main St, San Diego, CA"
999,135,2024-02-12 09:29:00,completed,726.69,"490 Main St, Los Angeles, CA"
1000,77,2024-03-17 04:43:00,completed,423.24,"303 Main St, Houston, TX"
